	terms	src_raw	mt_raw	src_terms	alg_terms	norm_tgt_terms
499	{'completed': 'concluido'}	Cancel repair confirmations with the status Completed.	"**Traducción:**  
**""Cancelar confirmaciones de reparación con el estado 'concluido'.""**  

**Explicación:**  
- **""Cancelar""** se mantiene como ""cancelar"" para preservar el significado de ""cancelar confirmaciones"".  
- **""confirmaciones de reparación""** se traduce como **""confirmaciones de reparación""** para mantener el término técnico ""reparación"" en español.  
- **""con el estado 'concluido'""** se traduce como **""con el estado 'concluido'""** para mantener la terminología dada.  

La traducción respeta el contexto técnico y evita alteraciones innecesarias."	['completed']	{'completed': 'dada'}	['dar']
